ID / Name,Product,Datetime,Content Size,Headline,Main content,CTA
Testname3,Asset Finance,2024-03-20 09:28,Medium,Discover Smart Finance Solutions for Business.,Maximize your business potential with smart finance solutions designed to empower and simplify your financial journey.,Experience a seamless financial experience today!
Testname2,Asset Finance,2024-03-19 10:37,Large,Maximize Your Business Growth with Asset Finance Solutions.,"Unlock the full potential of your business with our comprehensive range of asset finance solutions. Our expert team can help you tailor a package to suit your unique needs, maximizing growth and profitability.",Discover Your Custom Asset Finance Package Today
Testname1,Asset Finance,2024-03-18 10:42,Large,Grow Your Clothing Business with Asset Finance Solutions.,Discover the unique advantage of growing your clothing business through asset finance solutions tailored to meet the needs of businesses of any size. Join thousands of successful clothing entrepreneurs who have harnessed the power of business asset finance to unlock their full potential.,Apply now!
TestName4,Credit Cards,2024-03-20 15:03,Extra small,Affordable Business Credit Cards for Small Companies,Effortlessly manage your business finances with our affordable small company credit cards.,Get started today!
Missing,Asset Finance,2024-03-21 09:58,Medium,"

""Affordable Business Asset Finance Solutions","Our bank offers affordable business asset finance solutions for any business size, regardless of the industry. Enjoy the flexibility and ease of securing financing to expand your company's assets without breaking the bank.""

Affordable Business Asset Finance Solutions is more than a title; it's a promise. At our bank, we understand that every business faces unique financial challenges and obstacles, regardless of their size or industry. This is why we offer flexible and affordable business asset finance solutions tailored to meet your company’s needs. With our comprehensive financing options, you can secure the funds necessary to expand your assets without causing undue strain on your budget.

In an ever-evolving market, every entrepreneur must navigate challenges ranging from fierce competition, industry regulation compliance and fluctuations in consumer demand. Our bank is committed to ensuring businesses can prosper, not just survive. We offer our clients the opportunity to secure vital funds and equipment with the aim of increasing their business’s overall productivity and profitability.

In a world where every penny counts, we pride ourselves on offering transparent, cost-effective solutions that provide you with peace of mind when it comes to your financial affairs. Affordable Business Asset Finance Solutions is more than just a slogan;",Secure Your Assets Today!
